<?xml version="1.0" encoding="UTF-8"?>
<project-private xmlns="http://www.netbeans.org/ns/project-private/1">
    <editor-bookmarks xmlns="http://www.netbeans.org/ns/editor-bookmarks/2" lastBookmarkId="0"/>
    <open-files xmlns="http://www.netbeans.org/ns/projectui-open-files/2">
        <group>
            <file>file:/var/www/html/frameworks/laravelauth/app/Http/Controllers/Auth/AuthController.php</file>
            <file>file:/var/www/html/frameworks/laravelauth/resources/views/auth/login.blade.php</file>
            <file>file:/var/www/html/frameworks/laravelauth/resources/views/auth/reset.blade.php</file>
            <file>file:/var/www/html/frameworks/laravelauth/app/Http/Controllers/Auth/PasswordController.php</file>
            <file>file:/var/www/html/frameworks/laravelauth/resources/views/auth/password.blade.php</file>
            <file>file:/var/www/html/frameworks/laravelauth/storage/logs/laravel.log</file>
            <file>file:/var/www/html/frameworks/laravelauth/config/mail.php</file>
            <file>file:/var/www/html/frameworks/laravelauth/app/Http/routes.php</file>
            <file>file:/var/www/html/frameworks/laravelauth/vendor/laravel/framework/src/Illuminate/Support/Facades/Password.php</file>
        </group>
    </open-files>
</project-private>
